url,score,len_url,is_https,is_private_ip,domain_age,is_sensitive_form,has_redirect,has_script,has_privacy,has_contact,age_of_domain,is_vietnam
https://www.qdnd.vn/,115,20,1,0,6825,1,0,1,0,1,6825,1
http://phongkhongkhongquan.vn/,90,30,0,0,3260,1,1,0,0,0,3260,1
https://www.google.com/search?q=b%C3%A1o+qu%C3%A2n+khu+1&rlz=1C1ONGR_enVN1112VN1112&oq=b%C3%A1o+qu%C3%A2n+khu+1&gs_lcrp=EgZjaHJvbWUyCQgAEEUYORiABDIICAEQABgWGB4yCAgCEAAYFhgeMgoIAxAAGIAEGKIEMgoIBBAAGKIEGIkFMgoIBRAAGKIEGIkFMgoIBhAAGIAEGKIE0gEIMzM1OWowajSoAgCwAgA&sourceid=chrome&ie=UTF-8,51,284,1,0,10081,1,1,0,0,0,10081,2
https://hocvienpkkq.com/,99,24,1,0,5838,0,0,0,0,0,5838,1
https://hocvienpkkq.com/,99,24,1,0,5838,0,0,0,0,0,5838,1
https://www.24h.com.vn/,83,23,1,0,7666,1,1,1,0,1,7666,1
https://ictu.edu.vn/,95,20,1,0,6857,0,1,0,0,0,6857,1
http://127.0.0.1:8000/,89,22,0,1,0,0,0,0,0,0,0,0
http://127.0.0.1:8000/dashboard,88,31,0,1,0,0,0,0,0,0,0,0
http://127.0.0.1:8000/websites,88,30,0,1,0,0,0,0,0,0,0,0
https://www.24h.com.vn/,114,23,1,0,7680,0,1,1,0,1,7680,1
https://anthaitra.com/,115,22,1,0,378,0,1,0,0,1,378,1
https://www.24h.com.vn/,114,23,1,0,7680,0,1,1,0,1,7680,1
https://www.24h.com.vn/,114,23,1,0,7687,0,1,1,0,0,7687,1
https://vnexpress.net/,98,22,1,0,9037,0,1,1,0,1,9037,1
https://anthaitra.com/,115,22,1,0,385,0,1,0,0,1,385,1
https://anthaitra.com/san-pham/che-moc-cau-che-bup/tra-bac-dac-san-thai-nguyen-500g.html,115,88,1,0,385,0,1,0,0,1,385,1
https://dantri.com.vn/,118,22,1,0,7414,0,1,0,0,1,7414,1
https://tinnhiemmang.vn/,114,24,1,0,1852,0,0,0,0,0,1852,1
https://dantri.com.vn/,118,22,1,0,7414,0,1,0,0,1,7414,1
https://www.24h.com.vn/,114,23,1,0,7687,0,1,1,0,0,7687,1
https://tinnhiemmang.vn/,106,24,1,0,1852,0,0,0,0,0,1852,1
https://www.24h.com.vn/,106,23,1,0,7687,0,1,1,0,0,7687,1
https://tinnhiemmang.vn/,106,24,1,0,1852,0,0,0,0,0,1852,1
https://tinnhiemmang.vn/,106,24,1,0,1852,0,0,0,0,0,1852,1
https://tinnhiemmang.vn/,106,24,1,0,1852,0,0,0,0,0,1852,1
https://www.24h.com.vn/,106,23,1,0,7687,0,1,1,0,0,7687,1
https://tinnhiemmang.vn/,106,24,1,0,1852,0,0,0,0,0,1852,1
https://www.24h.com.vn/,106,23,1,0,7687,0,1,1,0,0,7687,1
https://www.24h.com.vn/,106,23,1,0,7687,0,1,1,0,0,7687,1
https://anthaitra.com/,108,22,1,0,385,0,1,0,0,1,385,1
https://dantri.com.vn/,111,22,1,0,7414,0,1,0,0,1,7414,1
https://www.24h.com.vn/,106,23,1,0,7687,0,1,1,0,0,7687,1
https://trathaiminh.com/,115,24,1,0,2456,0,0,0,0,1,2456,1
https://kztek.net/phan-mem/bai-xe-thong-minh/phan-mem-quan-ly-bai-gui-xe-vao-ra-thong-minh-bai-xe-thong-minh,115,108,1,0,3238,0,0,0,0,1,3238,1
https://www.24h.com.vn/,106,23,1,0,7688,0,1,1,0,0,7688,1
https://dantri.com.vn/,111,22,1,0,7415,0,1,0,0,1,7415,1
https://inet.vn/,80,16,1,0,6862,0,0,0,0,1,6862,2
https://dantri.com.vn/,111,22,1,0,7415,0,1,0,0,1,7415,1
https://www.24h.com.vn/,106,23,1,0,7688,0,1,1,0,0,7688,1
https://www.24h.com.vn/,106,23,1,0,7688,0,1,1,0,0,7688,1
https://www.24h.com.vn/,95,23,1,0,7688,0,1,1,0,0,7688,1
https://tinnhiemmang.vn/,106,24,1,0,1853,0,0,0,0,0,1853,1
https://www.24h.com.vn/bong-da-c48.html,95,39,1,0,7688,0,1,1,0,0,7688,1
https://www.24h.com.vn/,95,23,1,0,7688,0,1,1,0,0,7688,1
https://www.youtube.com/,58,24,1,0,7393,0,1,0,0,1,7393,2
https://inet.vn/,69,16,1,0,6862,0,0,0,0,1,6862,2
https://vlxx.my/,61,16,1,0,326,0,0,0,0,0,326,2
https://tinnhiemmang.vn/,106,24,1,0,1853,0,0,0,0,0,1853,1
https://chatgpt.com/,62,20,1,0,896,0,1,0,0,0,896,2
https://www.24h.com.vn/o-to/suzuki-xl7-hybrid-va-mitsubishi-xpander-cuoc-doi-dau-khoc-liet-mpv-tam-gia-600-trieu-dong-c747a1663966.html,95,135,1,0,7688,0,1,1,0,0,7688,1
https://chatgpt.com/,61,20,1,0,896,0,1,0,0,0,896,2
https://www.24h.com.vn/,95,23,1,0,7688,0,1,1,0,0,7688,1
https://www.24h.com.vn/,95,23,1,0,7688,0,1,1,0,0,7688,1
https://www.24h.com.vn/,95,23,1,0,7688,0,1,1,0,0,7688,1
https://nulab.com/backlog-lp/github-alternative/?utm_source=google&utm_medium=cpc&utm_campaign=20196776381&utm_term=github&gad_source=1&gad_campaignid=20196776381&gbraid=0AAAAADL4ZeMaXmozvX2Y3v6G48rhEdn6k&gclid=CjwKCAjw_pDBBhBMEiwAmY02NqS5uCcbbUIdDK_6qOqfclk0iUA33kYfR2_rUdphkwAjPY3gXMqxZhoCANwQAvD_BwE,90,302,1,0,10386,0,0,0,1,1,10386,1
https://lms.ictu.edu.vn/auth/login?returnUrl=%2Fdashboard%2Fbulletin-board,105,74,1,0,6879,0,0,0,0,0,6879,1
https://vietnamnet.vn/,97,22,1,0,7973,0,1,0,0,1,7973,1
https://www.24h.com.vn/,95,23,1,0,7688,0,1,1,0,0,7688,1
https://chatgpt.com/,66,20,1,0,896,0,1,0,0,0,896,2
https://chatgpt.com/,62,20,1,0,896,0,1,0,0,0,896,2
https://www.24h.com.vn/,95,23,1,0,7688,0,1,1,0,0,7688,1
https://www.24h.com.vn/,95,23,1,0,7688,0,1,1,0,0,7688,1
https://www.24h.com.vn/,95,23,1,0,7688,0,1,1,0,0,7688,1
https://www.24h.com.vn/,95,23,1,0,7688,0,1,1,0,0,7688,1
https://www.24h.com.vn/,95,23,1,0,7688,0,1,1,0,0,7688,1
https://www.24h.com.vn/,95,23,1,0,7688,0,1,1,0,0,7688,1
https://www.24h.com.vn/,95,23,1,0,7688,0,1,1,0,0,7688,1
https://dangkytinchi.hvtc.edu.vn/,109,33,1,0,8210,0,0,0,0,0,8210,1
https://dangkytinchi.hvtc.edu.vn/,109,33,1,0,8210,0,0,0,0,0,8210,1
https://dangkytinchi.hvtc.edu.vn/,109,33,1,0,8210,0,0,0,0,0,8210,1
https://www.24h.com.vn/,95,23,1,0,7688,0,1,1,0,0,7688,1
https://www.24h.com.vn/,95,23,1,0,7688,0,1,1,0,0,7688,1
https://www.24h.com.vn/,84,23,1,1,0,0,0,0,0,0,0,0
https://www.24h.com.vn/,84,23,1,1,0,0,0,0,0,0,0,0
https://www.24h.com.vn/,84,23,1,1,0,0,0,0,0,0,0,0
https://www.24h.com.vn/,84,23,1,1,0,0,0,0,0,0,0,0
https://chatgpt.com/,62,20,1,0,896,0,1,0,0,0,896,2
https://chatgpt.com/,66,20,1,0,896,0,1,0,0,0,896,2
https://chatgpt.com/,66,20,1,0,896,0,1,0,0,0,896,2
https://chatgpt.com/,61,20,1,0,896,0,1,0,0,0,896,2
https://tinnhiemmang.vn/,106,24,1,0,1853,0,0,0,0,0,1853,1
https://tinnhiemmang.vn/,106,24,1,0,1853,0,0,0,0,0,1853,1
https://www.youtube.com/?app,54,28,1,0,7393,0,1,0,0,1,7393,2
https://www.youtube.com/?app,54,28,1,0,7393,0,1,0,0,1,7393,2
https://tinnhiemmang.vn/,106,24,1,0,1853,0,0,0,0,0,1853,1
https://chatgpt.com/,66,20,1,0,896,0,1,0,0,0,896,2
https://chatgpt.com/,66,20,1,0,896,0,1,0,0,0,896,2
https://chatgpt.com/,62,20,1,0,896,0,1,0,0,0,896,2
https://chatgpt.com/,62,20,1,0,896,0,1,0,0,0,896,2
https://www.24h.com.vn/,95,23,1,0,7688,0,1,1,0,0,7688,1
https://www.24h.com.vn/,95,23,1,0,7688,0,1,1,0,0,7688,1
https://www.24h.com.vn,95,22,1,0,7688,0,1,1,0,0,7688,1
https://www.24h.com.vn/,95,23,1,0,7688,0,1,1,0,0,7688,1
https://24h.com.vn,97,18,1,0,7688,0,1,1,0,0,7688,1
https://www.24h.com.vn/,95,23,1,0,7688,0,1,1,0,0,7688,1
https://www.24h.com.vn/,95,23,1,0,7688,0,1,1,0,0,7688,1
https://www.24h.com.vn/,95,23,1,0,7688,0,1,1,0,0,7688,1
https://www.24h.com.vn/,95,23,1,0,7688,0,1,1,0,0,7688,1
https://whois.inet.vn/api/whois/domainspecify/https://www.24h.com.vn/,69,69,1,0,6862,0,0,0,0,0,6862,2
https://whois.inet.vn/api/whois/domainspecify/https://www.24h.com.vn,69,68,1,0,6862,0,0,0,0,0,6862,2
https://www.24h.com.vn/,95,23,1,0,7688,0,1,1,0,0,7688,1
https://whois.inet.vn/api/whois/domainspecify/24h.com.vn,69,56,1,0,6862,0,0,0,0,0,6862,2
https://whois.inet.vn/api/whois/domainspecify/24h.com.vn,69,56,1,0,6862,0,0,0,0,0,6862,2
https://whois.inet.vn/api/whois/domainspecify/24h.com.vn,69,56,1,0,6862,0,0,0,0,0,6862,2
https://www.24h.com.vn/,95,23,1,0,7688,0,1,1,0,0,7688,1
https://whois.inet.vn/api/whois/domainspecify/24h.com.vn,69,56,1,0,6862,0,0,0,0,0,6862,2
https://www.24h.com.vn/,95,23,1,0,7688,0,1,1,0,0,7688,1
https://www.24h.com.vn/,95,23,1,0,7688,0,1,1,0,0,7688,1
https://www.24h.com.vn/,95,23,1,0,7688,0,1,1,0,0,7688,1
https://chatgpt.com/,62,20,1,0,896,0,1,0,0,0,896,2
https://chatgpt.com/,66,20,1,0,896,0,1,0,0,0,896,2
https://chatgpt.com/,66,20,1,0,896,0,1,0,0,0,896,2
https://chatgpt.com/,66,20,1,0,896,0,1,0,0,0,896,2
https://tinnhiemmang.vn/,106,24,1,0,1853,0,0,0,0,0,1853,1
https://tinnhiemmang.vn/,106,24,1,0,1853,0,0,0,0,0,1853,1
https://tinnhiemmang.vn/,106,24,1,0,1853,0,0,0,0,0,1853,1
https://tinnhiemmang.vn/,106,24,1,0,1853,0,0,0,0,0,1853,1
https://chatgpt.com/,84,20,1,0,0,1,0,0,0
https://www.24h.com.vn/,95,23,1,0,0,1,1,0,0
https://whois.inet.vn/api/whois/domainspecify/24h.com.vn,95,56,1,0,0,0,0,0,0
https://www.24h.com.vn/,111,23,1,0,7688,0,1,1,0,0,7688,1
https://www.24h.com.vn/,111,23,1,0,7688,0,1,1,0,0,7688,1
https://www.24h.com.vn/,111,23,1,0,7688,0,1,1,0,0,7688,1
https://www.24h.com.vn/,111,23,1,0,7688,0,1,1,0,0,7688,1
https://www.24h.com.vn/,111,23,1,0,7688,0,1,1,0,0,7688,1
https://www.24h.com.vn/,111,23,1,0,7688,0,1,1,0,0,7688,1
https://tinnhiemmang.vn/,106,24,1,0,1853,0,0,0,0,0,1853,1
https://tinnhiemmang.vn/,106,24,1,0,1853,0,0,0,0,0,1853,1
https://www.24h.com.vn/,111,23,1,0,7688,0,1,1,0,0,7688,1
https://www.24h.com.vn/,111,23,1,0,7688,0,1,1,0,0,7688,1
https://www.24h.com.vn/,111,23,1,0,7688,0,1,1,0,0,7688,1
https://www.24h.com.vn/,111,23,1,0,7688,0,1,1,0,0,7688,1
https://www.24h.com.vn/,111,23,1,0,7688,0,1,1,0,0,7688,1
https://www.24h.com.vn/,111,23,1,0,7688,0,1,1,0,0,7688,1
https://www.24h.com.vn/,111,23,1,0,7689,0,1,1,0,0,7689,1
https://www.24h.com.vn/,111,23,1,0,7689,0,1,1,0,0,7689,1
https://dantri.com.vn/,116,22,1,0,7416,0,1,0,0,1,7416,1
https://tinnhiemmang.vn/,106,24,1,0,1854,0,0,0,0,0,1854,1
https://www.24h.com.vn/,111,23,1,0,7689,0,1,1,0,0,7689,1
https://dantri.com.vn/,116,22,1,0,7418,0,1,0,0,1,7418,1
https://www.24h.com.vn/,107,23,1,0,7691,0,1,1,0,0,7691,1
https://dantri.com.vn/,116,22,1,0,7418,0,1,0,0,1,7418,1
https://www.24h.com.vn/,107,23,1,0,7691,0,1,1,0,0,7691,1
https://dantri.com.vn/,116,22,1,0,7418,0,1,0,0,1,7418,1
https://dantri.com.vn/,116,22,1,0,7420,0,1,0,0,1,7420,1
https://www.24h.com.vn/,111,23,1,0,7693,0,1,1,0,0,7693,1
https://whois.inet.vn/api/whois/domainspecify/24h.com.vn,83,56,1,0,6867,0,0,0,0,0,6867,2
https://dantri.com.vn,118,21,1,0,7420,0,1,0,0,1,7420,1
https://dantri.com.vn/,116,22,1,0,7420,0,1,0,0,1,7420,1
https://notegpt.io/workspace/home?utm_source=ng_home,82,52,1,0,774,0,0,0,0,0,774,2
https://www.24h.com.vn/,111,23,1,0,7693,0,1,1,0,0,7693,1
https://tinnhiemmang.vn/,106,24,1,0,1858,0,0,0,0,0,1858,1
http://tinnhiemmang.vn,106,22,0,0,1858,0,0,0,0,0,1858,1
https://tinnhiemmang.vn,106,23,1,0,1858,0,0,0,0,0,1858,1
https://tinnhiemmang.vn/website-lua-dao,106,39,1,0,1858,0,0,0,0,0,1858,1
http://muathecaore.net/,65,23,0,0,145,0,0,0,0,1,145,2
http://en.hanami.co.th/,62,23,0,0,0,0,0,0,0,0,0,2
http://ebayglobal.store/,100,24,0,0,135,0,0,0,0,0,135,1
http://ctygiaohangtietkiemm1.com/,65,33,0,0,213,0,0,0,0,0,213,2
https://ctygiaohangtietkiemm1.com/,65,34,1,0,213,0,0,0,0,0,213,2
https://ctygiaohangtietkiemm1.com/error.html,65,44,1,0,213,0,0,0,0,0,213,2
http://sp6708p.com/,103,19,0,0,172,0,0,0,0,0,172,1
http://tuyendungapple.com/,96,26,0,1,189,0,0,0,0,0,189,1
https://napgamex5.com/,68,22,1,1,328,0,0,0,0,0,328,2
https://kythuatdmayxanh.com/,116,28,1,0,713,0,0,0,0,0,713,1
https://vingroupfund.com,80,24,1,0,221,0,0,0,0,0,221,2
http://giaiphapmbfn-ficvn.online/,80,33,0,1,194,0,0,0,0,0,194,1
https://www.24h.com.vn/,111,23,1,0,7693,0,1,1,0,0,7693,1
https://tinnhiemmang.vn/,106,24,1,0,1861,0,0,0,0,0,1861,1
https://www.24h.com.vn/,107,23,1,0,7696,0,1,1,0,0,7696,1
https://vingroupfund.com/,80,25,1,0,224,0,0,0,0,0,224,2
https://vingroupfund.com/,80,25,1,0,224,0,0,0,0,0,224,2
https://whois.inet.vn/api/whois/domainspecify/24h.com.vn,80,56,1,0,6870,0,0,0,0,0,6870,2
https://whois.inet.vn/api/whois/domainspecify/24h.com.vn,80,56,1,1,6870,0,0,0,0,0,6870,2
https://whois.inet.vn/,80,22,1,0,6870,0,0,0,0,0,6870,2
https://whois.inet.vn/,80,22,1,0,6870,0,0,0,0,0,6870,2
https://whois.inet.vn/,80,22,1,0,6870,0,0,0,0,0,6870,2
https://whois.inet.vn/,80,22,1,0,6870,0,0,0,0,0,6870,2
https://whois.inet.vn/,80,22,1,0,6870,0,0,0,0,0,6870,2
https://whois.inet.vn/domain-circle,80,35,1,0,6870,0,0,0,0,0,6870,2
https://whois.inet.vn/domain-circle,80,35,1,0,6870,0,0,0,0,0,6870,2
https://whois.inet.vn/domain-circle,80,35,1,0,6870,0,0,0,0,0,6870,2
https://whois.inet.vn/domain-circle,80,35,1,0,6870,0,0,0,0,0,6870,2
https://whois.inet.vn/domain-circle,83,35,1,0,6870,0,0,0,0,0,6870,2
https://www.24h.com.vn/,111,23,1,0,7703,0,1,1,0,0,7703,1
https://tinnhiemmang.vn/,106,24,1,0,1868,0,0,0,0,0,1868,1
https://whois.inet.vn/api/whois/domainspecify/24h.com.vn,83,56,1,0,6877,0,0,0,0,0,6877,2
https://www.24h.com.vn/,111,23,1,0,7707,0,1,1,0,0,7707,1
https://tinnhiemmang.vn/,106,24,1,0,1872,0,0,0,0,0,1872,1
http://127.0.0.1:8000/websites?is_blacklisted=1,62,47,0,0,0,0,0,0,0,0,0,2
https://vingroupfund.com/,80,25,1,0,235,0,0,0,0,0,235,2
https://www.24h.com.vn/,120,23,1,0,7707,0,1,1,0,0,7707,1
https://www.24h.com.vn/,120,23,1,0,7707,0,1,1,0,0,7707,1
https://www.24h.com.vn/,120,23,1,0,7707,0,1,1,0,0,7707,1
https://www.24h.com.vn/,120,23,1,0,7707,0,1,1,0,0,7707,1
https://www.24h.com.vn/,120,23,1,0,7707,0,1,1,0,0,7707,1
https://www.24h.com.vn/,120,23,1,0,7707,0,1,1,0,0,7707,1
https://www.24h.com.vn/,120,23,1,0,7707,0,1,1,0,0,7707,1
https://tinnhiemmang.vn/,108,24,1,0,1872,0,0,0,0,0,1872,1
https://www.google.com.vn/,61,26,1,0,8075,0,1,0,0,0,8075,2
https://www.facebook.com/,51,25,1,0,10292,1,1,0,0,1,10292,2
https://www.24h.com.vn/,120,23,1,0,7713,0,1,1,0,0,7713,1
https://tinnhiemmang.vn/,122,24,1,0,1878,0,1,0,0,1,1878,1
https://chatgpt.com/,57,20,1,0,921,0,1,0,0,0,921,2
https://www.24h.com.vn/,120,23,1,0,7713,0,1,1,0,0,7713,1
https://www.24h.com.vn/,120,23,1,0,7713,0,1,1,0,0,7713,1
https://www.24h.com.vn/,120,23,1,0,7713,0,1,1,0,0,7713,1
https://www.24h.com.vn/,120,23,1,0,7713,0,1,1,0,0,7713,1
https://www.24h.com.vn/,120,23,1,0,7713,0,1,1,0,0,7713,1
https://www.24h.com.vn/,120,23,1,0,7713,0,1,1,0,0,7713,1
https://www.24h.com.vn/,120,23,1,0,7713,0,1,1,0,0,7713,1
https://www.24h.com.vn/,120,23,1,0,7713,0,1,1,0,0,7713,1
https://chatgpt.com/,61,20,1,0,921,0,1,0,0,0,921,2
https://www.24h.com.vn/,116,23,1,0,7714,0,1,1,0,0,7714,1
https://tinnhiemmang.vn/,118,24,1,0,1879,0,0,0,0,0,1879,1
https://chatgpt.com/,61,20,1,0,922,0,1,0,0,0,922,2
https://www.24h.com.vn/,116,23,1,0,7714,0,1,1,0,0,7714,1
https://tinnhiemmang.vn/,108,24,1,0,1879,0,0,0,0,0,1879,1
https://chatgpt.com/,57,20,1,0,922,0,1,0,0,0,922,2
https://www.24h.com.vn/,116,23,1,0,7714,0,1,1,0,0,7714,1
https://www.24h.com.vn/,116,23,1,0,7714,0,1,1,0,0,7714,1
https://www.24h.com.vn/,119,23,1,0,7714,0,1,1,0,0,7714,1
https://chatgpt.com/,60,20,1,0,922,0,1,0,0,0,922,2
https://vn.search.yahoo.com/search?fr=mcafee&type=E210VN885G0&p=thpt,53,68,1,0,11100,0,1,0,0,0,11100,2
https://thisinh.thitotnghiepthpt.edu.vn/Account/Login,109,53,1,1,1833,0,0,0,0,0,1833,1
https://vn.search.yahoo.com/search?fr=mcafee&type=E210VN885G0&p=thpt+edi,53,72,1,0,11100,0,1,0,0,0,11100,2
https://thpt.vtech.edu.vn/,111,26,1,0,234,0,1,0,0,0,234,1
https://www.24h.com.vn/,119,23,1,0,7714,0,1,1,0,0,7714,1
https://www.24h.com.vn/,119,23,1,0,7714,0,1,1,0,0,7714,1
https://chatgpt.com/,60,20,1,0,922,0,1,0,0,0,922,2
https://www.24h.com.vn/,119,23,1,0,7714,0,1,1,0,0,7714,1
https://www.24h.com.vn/,119,23,1,0,7714,0,1,1,0,0,7714,1
https://www.24h.com.vn/,119,23,1,0,7714,0,1,1,0,0,7714,1
https://www.24h.com.vn/,119,23,1,0,7714,0,1,1,0,0,7714,1
https://chatgpt.com/,56,20,1,0,922,0,1,0,0,0,922,2
https://dantri.com.vn/,128,22,1,0,7441,0,1,0,0,1,7441,1
https://www.24h.com.vn/,123,23,1,0,7715,0,1,1,0,0,7715,1
https://www.24h.com.vn/,123,23,1,0,7715,0,1,1,0,0,7715,1
https://chatgpt.com/,60,20,1,0,923,0,1,0,0,0,923,2
https://tinhte.vn/,69,18,1,0,6348,0,0,0,0,1,6348,2
https://www.24h.com.vn/,123,23,1,0,7715,0,1,1,0,0,7715,1
https://www.24h.com.vn/,123,23,1,0,7715,0,1,1,0,0,7715,1
https://www.24h.com.vn/,126,23,1,0,7716,0,1,1,0,0,7716,1
https://tinnhiemmang.vn/,124,24,1,0,1881,0,1,0,0,1,1881,1
https://tinnhiemmang.vn/danh-cho-website,122,40,1,0,1881,0,1,0,0,1,1881,1
https://tinnhiemmang.vn/website-tin-nhiem,124,41,1,0,1881,0,1,0,0,1,1881,1
https://tinnhiemmang.vn/website-lua-dao,124,39,1,0,1881,0,1,0,0,1,1881,1
https://napgamex5.com/cgi-sys/suspendedpage.cgi,48,47,1,0,351,0,1,0,0,0,351,2
https://suspended.hawkhost.com/,57,31,1,0,7076,0,1,0,0,0,7076,2
https://suspended.hawkhost.com/?__cf_chl_tk=xDOXzyZuGxuT4fNe3bXR9Czv3BQrq5dCGkCwlPD5bd4-1749625200-1.0.1.1-DqPVKS39crXGvfzVSj2WLkbfSpRgyYiTCCNNXYAYK5o,57,150,1,0,7076,0,1,0,0,0,7076,2
https://suspended.hawkhost.com/,57,31,1,0,7076,0,1,0,0,0,7076,2
https://www.24h.com.vn/,126,23,1,0,7716,0,1,1,0,0,7716,1
https://www.24h.com.vn/,126,23,1,0,7716,0,1,1,0,0,7716,1
https://tinnhiemmang.vn/,113,24,1,0,1881,0,0,0,0,0,1881,1
https://napgamex5.com,59,21,1,0,351,0,1,0,0,0,351,2
https://napgamex5.com/cgi-sys/suspendedpage.cgi,58,47,1,0,351,0,1,0,0,0,351,2
https://suspended.hawkhost.com/,57,31,1,0,7076,0,1,0,0,0,7076,2
http://muathecaore.net/,51,23,0,0,168,0,0,0,0,1,168,2
https://qfsgolden.info/sign-in.html,50,35,1,0,247,1,1,0,0,0,247,2
https://en.hanami.co.th/,60,24,1,0,0,0,0,0,0,1,0,2
https://kythuatdmayxanh.com/,119,28,1,0,736,0,0,1,0,1,736,1
http://tbaovn-cms.top/,43,22,0,0,292,0,0,0,0,0,292,2
https://chatgpt.com/,59,20,1,0,924,0,1,0,0,0,924,2
https://www.24h.com.vn/,126,23,1,0,7716,0,1,1,0,0,7716,1
https://tinnhiemmang.vn/,124,24,1,0,1881,0,1,0,0,1,1881,1
https://www.24h.com.vn/,117,23,1,0,7717,0,1,1,0,0,7717,1
https://chatgpt.com/,59,20,1,0,925,0,1,0,0,0,925,2
https://napgamex5.com/cgi-sys/suspendedpage.cgi,58,47,1,0,352,0,1,0,0,0,352,2
https://suspended.hawkhost.com/,57,31,1,0,7077,0,1,0,0,0,7077,2
https://www.24h.com.vn/,121,23,1,0,7717,0,1,1,0,0,7717,1
https://www.24h.com.vn/,117,23,1,0,7717,0,1,1,0,0,7717,1
https://www.24h.com.vn/,117,23,1,0,7717,0,1,1,0,0,7717,1
https://chatgpt.com/,59,20,1,0,925,0,1,0,0,0,925,2
https://vn.search.yahoo.com/search?fr=mcafee&type=E210VN885G0&p=google,52,70,1,0,11103,0,1,0,0,0,11103,2
https://www.google.com.vn/,59,26,1,0,8085,0,1,0,0,0,8085,2
https://chatgpt.com/c/684a4162-ae7c-8000-8bf7-6bc41888e20b,57,58,1,0,925,0,1,0,0,0,925,2
http://dangkytinchi.ictu.edu.vn/kcntt/(S(jeyxp3amglbzcfnqsz434n1j))/login.aspx,86,78,0,0,6908,1,1,1,0,0,6908,1
http://dangkytinchi.ictu.edu.vn/kcntt/(S(jeyxp3amglbzcfnqsz434n1j))/StudyRegister/StudyRegister.aspx,108,100,0,0,6908,0,0,0,0,0,6908,1
https://www.24h.com.vn/,117,23,1,0,7717,0,1,1,0,0,7717,1
https://www.24h.com.vn/,117,23,1,0,7717,0,1,1,0,0,7717,1
https://www.24h.com.vn/,117,23,1,0,7717,0,1,1,0,0,7717,1
https://chatgpt.com/,59,20,1,0,925,0,1,0,0,0,925,2
https://chatgpt.com/c/684a4162-ae7c-8000-8bf7-6bc41888e20b,53,58,1,0,925,0,1,0,0,0,925,2
https://chatgpt.com/?model=gpt-4o,57,33,1,0,925,0,1,0,0,0,925,2
https://www.24h.com.vn/,120,23,1,0,7717,0,1,1,0,0,7717,1
https://www.24h.com.vn/,120,23,1,0,7717,0,1,1,0,0,7717,1
https://www.24h.com.vn/,120,23,1,0,7717,0,1,1,0,0,7717,1
https://vnexpress.net/,112,22,1,0,9067,0,1,1,0,1,9067,1
https://www.24h.com.vn/,120,23,1,0,7717,0,1,1,0,0,7717,1
https://vn.search.yahoo.com/search?fr=mcafee&type=E210VN885G0&p=f88,59,67,1,0,11103,0,1,0,0,0,11103,2
https://vn.search.yahoo.com/search;_ylt=AwrKD4wJjEpoRQIAnbtrUwx.;_ylu=Y29sbwNzZzMEcG9zAzIEdnRpZAMEc2VjA3JlbC1ib3Q-?type=E210VN885G0&p=f88+bong+da&fr2=p%3As%2Cv%3Aw%2Cm%3Ars-bottom%2Cct%3Agossip&fr=mcafee,59,203,1,0,11103,0,1,0,0,0,11103,2
https://www.24h.com.vn/,117,23,1,0,7717,0,1,1,0,0,7717,1
https://tinnhiemmang.vn/,121,24,1,0,1882,0,0,0,0,0,1882,1
https://tinnhiemmang.vn/,124,24,1,0,1882,0,1,0,0,1,1882,1
https://www.24h.com.vn/,126,23,1,0,7717,0,1,1,0,0,7717,1
https://vnexpress.net/,112,22,1,0,9067,0,1,1,0,1,9067,1
https://www.24h.com.vn/,126,23,1,0,7717,0,1,1,0,0,7717,1
https://www.24h.com.vn/,124,23,1,0,7718,0,1,1,0,0,7718,1
https://chatgpt.com/,59,20,1,0,926,0,1,0,0,0,926,2
https://www.phongkhongkhongquan.vn/,98,35,1,0,3312,1,1,0,0,0,3312,1
https://chatgpt.com/,59,20,1,0,926,0,1,0,0,0,926,2
https://www.24h.com.vn/,124,23,1,0,7718,0,1,1,0,0,7718,1
https://www.24h.com.vn/,124,23,1,0,7718,0,1,1,0,0,7718,1
https://cdn.24h.com.vn/upload/icon/icon_24h.ico,123,47,1,0,7718,0,0,0,0,0,7718,1
https://tinnhiemmang.vn/website-lua-dao,123,39,1,0,1883,0,0,0,0,0,1883,1
https://www.24h.com.vn/bong-da-c48.html,124,39,1,0,7718,0,1,1,0,0,7718,1
https://tinnhiemmang.vn/,126,24,1,0,1883,0,1,0,0,1,1883,1
https://www.24h.com.vn/bong-da-c48.html,124,39,1,0,7718,0,1,1,0,0,7718,1
https://www.w3schools.com/js/js_window_location.asp,59,51,1,0,9215,0,1,1,1,1,9215,2
https://www.w3schools.com/tags/att_meta_http_equiv.asp,80,54,1,0,9215,0,0,1,1,1,9215,2
https://www.w3schools.com/tags/tryit.asp?filename=tryhtml_meta_http_equiv,59,73,1,0,9215,0,1,1,1,0,9215,2
https://www.phongkhongkhongquan.vn/,98,35,1,0,3312,1,1,0,0,0,3312,1
http://hocvienpkkq.com/tin/,104,27,0,0,5890,0,1,0,0,0,5890,1
https://www.24h.com.vn/,124,23,1,0,7718,0,1,1,0,0,7718,1
https://chatgpt.com/,61,20,1,0,926,0,1,0,0,0,926,2
https://vnexpress.net/,114,22,1,0,9068,0,1,1,0,1,9068,1
https://masterisehomes.com/the-global-city/vi/lumiere-midtown?utm_source=vne&utm_medium=SOV&utm_campaign=fpt_TGC_launch_vne_ntw_mass_super-mashead_pc_cpd_html5_mainkv_TGC-LMT--Apr25&utm_content=mainkv,134,200,1,0,2088,0,0,0,0,1,2088,1
https://masterisehomes.com/the-global-city/vi/lumiere-midtown?utm_source=vne&utm_medium=SOV&utm_campaign=fpt_TGC_launch_vne_ntw_mass_super-mashead_pc_cpd_html5_mainkv_TGC-LMT--Apr25&utm_content=mainkv#GeneralInformation,134,219,1,0,2088,0,0,0,0,1,2088,1
https://masterisehomes.com/the-global-city/vi/lumiere-midtown?utm_source=vne&utm_medium=SOV&utm_campaign=fpt_TGC_launch_vne_ntw_mass_super-mashead_pc_cpd_html5_mainkv_TGC-LMT--Apr25&utm_content=mainkv#Locations,134,210,1,0,2088,0,0,0,0,1,2088,1
https://masterisehomes.com/the-global-city/vi/lumiere-midtown?utm_source=vne&utm_medium=SOV&utm_campaign=fpt_TGC_launch_vne_ntw_mass_super-mashead_pc_cpd_html5_mainkv_TGC-LMT--Apr25&utm_content=mainkv#DesignConcept,134,214,1,0,2088,0,0,0,0,1,2088,1
https://masterisehomes.com/the-global-city/vi/lumiere-midtown?utm_source=vne&utm_medium=SOV&utm_campaign=fpt_TGC_launch_vne_ntw_mass_super-mashead_pc_cpd_html5_mainkv_TGC-LMT--Apr25&utm_content=mainkv#FloorPlan,134,210,1,0,2088,0,0,0,0,1,2088,1
https://masterisehomes.com/the-global-city/vi/lumiere-midtown?utm_source=vne&utm_medium=SOV&utm_campaign=fpt_TGC_launch_vne_ntw_mass_super-mashead_pc_cpd_html5_mainkv_TGC-LMT--Apr25&utm_content=mainkv#LumiereSeries,134,214,1,0,2088,0,0,0,0,1,2088,1
https://masterisehomes.com/the-global-city/vi/lumiere-midtown?utm_source=vne&utm_medium=SOV&utm_campaign=fpt_TGC_launch_vne_ntw_mass_super-mashead_pc_cpd_html5_mainkv_TGC-LMT--Apr25&utm_content=mainkv#Amenities,121,210,1,0,0,0,0,0,0,1,0,1
https://masterisehomes.com/the-global-city/vi/lumiere-midtown?utm_source=vne&utm_medium=SOV&utm_campaign=fpt_TGC_launch_vne_ntw_mass_super-mashead_pc_cpd_html5_mainkv_TGC-LMT--Apr25&utm_content=mainkv#ExternalAmenities,134,218,1,0,2088,0,0,0,0,1,2088,1
https://masterisehomes.com/the-global-city/vi/lumiere-midtown?utm_source=vne&utm_medium=SOV&utm_campaign=fpt_TGC_launch_vne_ntw_mass_super-mashead_pc_cpd_html5_mainkv_TGC-LMT--Apr25&utm_content=mainkv#InternalAmenities,134,218,1,0,2088,0,0,0,0,1,2088,1
https://masterisehomes.com/the-global-city/vi/lumiere-midtown?utm_source=vne&utm_medium=SOV&utm_campaign=fpt_TGC_launch_vne_ntw_mass_super-mashead_pc_cpd_html5_mainkv_TGC-LMT--Apr25&utm_content=mainkv#News,134,205,1,0,2088,0,0,0,0,1,2088,1
https://masterisehomes.com/the-global-city/vi/lumiere-midtown?utm_source=vne&utm_medium=SOV&utm_campaign=fpt_TGC_launch_vne_ntw_mass_super-mashead_pc_cpd_html5_mainkv_TGC-LMT--Apr25&utm_content=mainkv#VideoGallery,134,213,1,0,2088,0,0,0,0,1,2088,1
https://masterisehomes.com/the-global-city/vi/lumiere-midtown?utm_source=vne&utm_medium=SOV&utm_campaign=fpt_TGC_launch_vne_ntw_mass_super-mashead_pc_cpd_html5_mainkv_TGC-LMT--Apr25&utm_content=mainkv#Registeryourinterest,134,221,1,0,2088,0,0,0,0,1,2088,1
https://vnexpress.net/,114,22,1,0,9068,0,1,1,0,1,9068,1
https://vnexpress.net/,114,22,1,0,9068,0,1,1,0,1,9068,1
https://chatgpt.com/,61,20,1,0,926,0,1,0,0,0,926,2
https://chatgpt.com/c/684c5b13-c380-8000-b2f1-0ffab68f7709,60,58,1,0,926,0,1,0,0,0,926,2
https://vnexpress.net/,114,22,1,0,9068,0,1,1,0,1,9068,1
https://www.24h.com.vn/,124,23,1,0,7719,0,1,1,0,0,7719,1
https://chatgpt.com/,61,20,1,0,927,0,1,0,0,0,927,2
https://chatgpt.com/c/684cdac9-9ba0-8000-a6d6-07fbc53458d4,60,58,1,0,927,0,1,0,0,0,927,2
https://chatgpt.com/c/684cdb1d-2074-8000-bdf2-9b479253eee3,60,58,1,0,927,0,1,0,0,0,927,2
https://vnexpress.net/,114,22,1,0,9069,0,1,1,0,1,9069,1
https://tinnhiemmang.vn/,126,24,1,0,1884,0,1,0,0,1,1884,1
https://tinnhiemmang.vn/website-lua-dao,126,39,1,0,1884,0,1,0,0,1,1884,1
http://shinhan.hotrokhachhang-hotrotructuyen-uudaidacbiet-thang12.com.vn/,83,73,0,1,186,0,1,0,0,0,186,1
http://shinhan.hotrokhachhang-hotrotructuyen-uudaidacbiet-thang12.com.vn/cgi-sys/defaultwebpage.cgi,96,99,0,1,186,0,0,0,0,1,186,1
https://tbaovn-cms.top/,53,23,1,0,295,0,0,0,0,0,295,2
https://dienmay-xanh24h.online/,107,31,1,0,235,0,0,1,0,1,235,1
https://dichvucong.hokhauso.com/,65,32,1,1,188,0,0,0,0,0,188,2
https://www.giaohangtietkiem247.biz.vn/,114,39,1,0,253,0,0,0,0,0,253,1
http://tiktok.jegabw.com/,55,25,0,1,254,0,0,0,0,0,254,2
https://baoxinviec.info/,66,24,1,0,18,0,0,0,0,1,18,2
https://hdsaisonfinancevn.com/,63,30,1,0,210,0,0,0,0,0,210,2
http://vietchinhphu.com/,58,24,0,0,219,0,0,0,0,0,219,2
http://dichvucong.xqrgov.com/,51,29,0,0,0,0,0,0,0,0,0,2
https://shopemall.org/login,106,27,1,0,313,1,0,0,0,0,313,1
https://shop.ustravelcomplex.com/,68,33,1,1,232,0,0,0,0,1,232,2
http://thtruemilk-suahanam.com/,43,31,0,0,232,0,0,0,0,0,232,2
https://vingroup.vinpearl-vingrouphm.com/,54,41,1,1,278,0,0,0,0,0,278,2
https://vingroup.vinpearl-vingrouphm.com/login,54,46,1,1,278,0,0,0,0,0,278,2
https://baoxinviec.info/,59,24,1,0,0,0,0,0,0,1,0,2
https://vnexpress.net/,114,22,1,0,9069,0,1,1,0,1,9069,1
https://vnexpress.net/,97,22,1,0,0,0,1,1,0,1,0,1
http://dangkytinchi.ictu.edu.vn/kcntt/(S(3cj0g20ed4tklxyh0wx2yk3i))/login.aspx,85,78,0,0,6910,1,1,1,0,0,6910,1
http://dangkytinchi.ictu.edu.vn/kcntt/(S(3cj0g20ed4tklxyh0wx2yk3i))/StudyRegister/StudyRegister.aspx,111,100,0,0,6910,0,0,0,0,0,6910,1
http://dangkytinchi.ictu.edu.vn/kcntt/(S(yzp3udzv4aree2fmgrvmbipz))/Home.aspx,93,77,0,0,6910,1,0,0,0,0,6910,1
http://dangkytinchi.ictu.edu.vn/kcntt/(S(ghxut1fljftkw1ltxqw11hu2))/StudentViewExamList.aspx,85,92,0,0,6910,1,1,1,0,0,6910,1
https://vnexpress.net/,114,22,1,0,9069,0,1,1,0,1,9069,1
https://www.24h.com.vn/,124,23,1,0,7719,0,1,1,0,0,7719,1
https://vnexpress.net/,114,22,1,0,9069,0,1,1,0,1,9069,1
https://www.24h.com.vn/,124,23,1,0,7719,0,1,1,0,0,7719,1
https://vnexpress.net/,114,22,1,0,9069,0,1,1,0,1,9069,1
https://www.24h.com.vn/,124,23,1,0,7719,0,1,1,0,0,7719,1
https://www.24h.com.vn/,124,23,1,0,7719,0,1,1,0,0,7719,1
https://chatgpt.com/,61,20,1,0,927,0,1,0,0,0,927,2
https://vnexpress.net/,114,22,1,0,9069,0,1,1,0,1,9069,1
https://baoxinviec.info/,59,24,1,0,18,0,0,0,0,1,18,2
https://www.24h.com.vn/,124,23,1,0,7719,0,1,1,0,0,7719,1
https://www.24h.com.vn/,127,23,1,0,7735,0,1,1,0,0,7735,1
https://vnexpress.net/,117,22,1,0,9085,0,1,1,0,1,9085,1
https://chatgpt.com/,62,20,1,0,943,0,1,0,0,0,943,2
https://chatgpt.com/,62,20,1,0,943,0,1,0,0,0,943,2
https://www.24h.com.vn/,127,23,1,0,7735,0,1,1,0,0,7735,1
https://baoxinviec.info/,61,24,1,0,34,0,0,0,0,1,34,2
https://alaweb.vnservice.cc/theme?theme=3,68,41,1,1,860,0,0,0,0,0,860,2
https://alaweb.vnservice.cc/theme?theme=3&channel_code=rjd2ryaimisbwk,67,69,1,1,860,0,0,0,0,0,860,2
https://vingroup.vinpearl-vingrouphm.com/login,43,46,1,1,294,0,0,0,0,0,294,2
https://vingroup.vinpearl-vingrouphm.com/login,45,46,1,1,294,0,0,0,0,0,294,2
https://vingroup.vinpearl-vingrouphm.com/login,43,46,1,1,294,0,0,0,0,0,294,2
https://www.24h.com.vn/,127,23,1,0,7735,0,1,1,0,0,7735,1
https://www.24h.com.vn/,127,23,1,0,7735,0,1,1,0,0,7735,1
https://www.24h.com.vn/,127,23,1,0,7735,0,1,1,0,0,7735,1
https://www.24h.com.vn/,127,23,1,0,7735,0,1,1,0,0,7735,1
https://www.24h.com.vn/,127,23,1,0,7735,0,1,1,0,0,7735,1
https://vnexpress.net/,117,22,1,0,9085,0,1,1,0,1,9085,1
https://www.24h.com.vn/,123,23,1,0,7735,0,1,1,0,0,7735,1
https://vnexpress.net/,114,22,1,0,9085,0,1,1,0,1,9085,1
https://www.24h.com.vn/,123,23,1,0,7735,0,1,1,0,0,7735,1
https://www.24h.com.vn/,123,23,1,0,7735,0,1,1,0,0,7735,1
https://vnexpress.net/,117,22,1,0,9085,0,1,1,0,1,9085,1
https://www.24h.com.vn/,123,23,1,0,7735,0,1,1,0,0,7735,1
https://www.24h.com.vn/,127,23,1,0,7736,0,1,1,0,0,7736,1
https://chatgpt.com/,62,20,1,0,944,0,1,0,0,0,944,2
https://vnexpress.net/,117,22,1,0,9086,0,1,1,0,1,9086,1
https://vnexpress.net/,117,22,1,0,9087,0,1,1,0,1,9087,1
https://chatgpt.com/,62,20,1,0,945,0,1,0,0,0,945,2
https://www.24h.com.vn/,123,23,1,0,7737,0,1,1,0,0,7737,1
https://www.24h.com.vn/,123,23,1,0,7737,0,1,1,0,0,7737,1
http://220.231.119.171/kcntt/(S(shdhbzkuxguogexx5uri1fc5))/login.aspx,65,69,0,1,0,1,1,1,0,0,0,1
https://vnexpress.net/,117,22,1,0,9087,0,1,1,0,1,9087,1
https://www.24h.com.vn/,123,23,1,0,7737,0,1,1,0,0,7737,1
https://alaweb.vnservice.cc/theme?theme=3,68,41,1,1,862,0,0,0,0,0,862,2
https://alaweb.vnservice.cc/theme?theme=3&channel_code=nzwq4x5amvsc2v,67,69,1,1,862,0,0,0,0,0,862,2
https://baoxinviec.info/,63,24,1,0,36,0,0,0,0,1,36,2
https://vnexpress.net/,117,22,1,0,9088,0,1,1,0,1,9088,1
https://www.24h.com.vn/,127,23,1,0,7738,0,1,1,0,0,7738,1
https://www.24h.com.vn/,127,23,1,0,7738,0,1,1,0,0,7738,1
https://vnexpress.net/,117,22,1,0,9088,0,1,1,0,1,9088,1
https://www.24h.com.vn/,127,23,1,0,7738,0,1,1,0,0,7738,1
https://vnexpress.net/,117,22,1,0,9088,0,1,1,0,1,9088,1
https://www.24h.com.vn/,127,23,1,0,7738,0,1,1,0,0,7738,1
https://www.24h.com.vn/,127,23,1,0,7738,0,1,1,0,0,7738,1
https://vnexpress.net/,117,22,1,0,9088,0,1,1,0,1,9088,1
https://www.24h.com.vn/,127,23,1,0,7738,0,1,1,0,0,7738,1
https://www.24h.com.vn/,127,23,1,0,7738,0,1,1,0,0,7738,1
https://vnexpress.net/,117,22,1,0,9088,0,1,1,0,1,9088,1
https://www.24h.com.vn/,127,23,1,0,7738,0,1,1,0,0,7738,1
https://vnexpress.net/,117,22,1,0,9088,0,1,1,0,1,9088,1
https://vnexpress.net/,117,22,1,0,9088,0,1,1,0,1,9088,1
https://www.24h.com.vn/,127,23,1,0,7738,0,1,1,0,0,7738,1
https://www.24h.com.vn/,127,23,1,0,7738,0,1,1,0,0,7738,1
https://vnexpress.net/,117,22,1,0,9088,0,1,1,0,1,9088,1
https://www.24h.com.vn/,127,23,1,0,7738,0,1,1,0,0,7738,1
https://baoxinviec.info/,63,24,1,0,37,0,0,0,0,1,37,2
https://alaweb.vnservice.cc/theme?theme=3,68,41,1,1,863,0,0,0,0,0,863,2
https://alaweb.vnservice.cc/theme?theme=3&channel_code=jrc6d6y4zxy83n,67,69,1,1,863,0,0,0,0,0,863,2
https://www.24h.com.vn/,127,23,1,0,7738,0,1,1,0,0,7738,1
https://www.24h.com.vn/,127,23,1,0,7758,0,1,1,0,0,7758,1
https://mail.google.com/mail/u/0/#inbox,51,39,1,0,10173,1,1,0,0,0,10173,2
https://mail.google.com/mail/u/0/#inbox/FMfcgzQbgJNNtBpctSmJKBNWgwxBTdnJ,50,72,1,0,10173,1,1,0,0,0,10173,2
https://mail.google.com/mail/u/0/#inbox,51,39,1,0,10186,1,1,0,0,0,10186,2
https://mail.google.com/mail/u/0/#inbox/FMfcgzQbgcRdcZWLjgXkCPhptzzpZMJG,50,72,1,0,10186,1,1,0,0,0,10186,2
https://chatgpt.com/c/689aeb5e-bc20-8326-b4a1-9c265c027224,99,58,1,0,986,0,1,0,0,0,986,0
https://chatgpt.com/g/g-jBdvgesNC-diagrams-flowcharts-mindmaps,66,62,1,0,986,0,0,1,0,0,986,2
https://chatgpt.com/g/g-67c61d2a003c8191912eddaf8768dbe5-presentation,66,69,1,0,986,0,0,1,0,0,986,2
https://chatgpt.com/c/689aeb5e-bc20-8326-b4a1-9c265c027224,62,58,1,0,986,0,1,0,0,0,986,2
https://chatgpt.com/c/689aeb5e-bc20-8326-b4a1-9c265c027224?model=gpt-5,61,70,1,0,986,0,1,0,0,0,986,2
https://chatgpt.com/?model=gpt-5,61,32,1,0,986,0,1,0,0,0,986,2
https://chatgpt.com/c/689af8ce-d644-832c-b77a-96d747c28219,62,58,1,0,986,0,1,0,0,0,986,2
https://chatgpt.com/c/689aeb5e-bc20-8326-b4a1-9c265c027224,62,58,1,0,986,0,1,0,0,0,986,2
